feature,mean_importance
gender,0.0006180344750286532
heart_disease,0.0014050512435821616
hypertension,0.0014315784823941246
smoking_history,0.0015756417700449026
bmi,0.009503559217031938
age,0.02293315912282081
blood_glucose_level,0.2578705620153551
HbA1c_level,0.4334227883915993
