feature,mean_importance
gender,0.0
hypertension,0.0
heart_disease,0.0
smoking_history,0.0
bmi,0.0021142492403079193
age,0.0210163924179214
blood_glucose_level,1.0067101394256364
HbA1c_level,1.8606249527358432
