{
    "uid": "14c4a403-d530-4546-b602-7ff2e8198721",
    "name": "4_Default_NeuralNetwork",
    "preprocessing": [
        {
            "categorical": [
                {
                    "convert_method": "categorical_to_int",
                    "convert_params": {
                        "gender": {
                            "Female": 0,
                            "Male": 1,
                            "Other": 2
                        },
                        "smoking_history": {
                            "No Info": 0,
                            "current": 1,
                            "ever": 2,
                            "former": 3,
                            "never": 4,
                            "not current": 5
                        }
                    },
                    "columns": [
                        "gender",
                        "smoking_history"
                    ]
                }
            ],
            "scale": [
                {
                    "scale": [
                        0.4934824749224187,
                        22.567085677847196,
                        1.8898665719362897,
                        6.635639166992456,
                        1.0708921620105152,
                        40.55825382524568
                    ],
                    "mean": [
                        0.41688333333333333,
                        41.851552000000005,
                        2.1820833333333334,
                        27.304803,
                        5.528436666666668,
                        138.05288333333334
                    ],
                    "var": [
                        0.2435249530555556,
                        509.27335599129606,
                        3.571595659722223,
                        44.031707154524334,
                        1.1468100226555555,
                        1644.9719533530556
                    ],
                    "n_samples_seen": 60000,
                    "n_features_in": 6,
                    "columns": [
                        "gender",
                        "age",
                        "smoking_history",
                        "bmi",
                        "HbA1c_level",
                        "blood_glucose_level"
                    ],
                    "scale_method": "scale_normal"
                }
            ],
            "ml_task": "binary_classification",
            "params": {
                "columns_preprocessing": {
                    "gender": [
                        "categorical_to_int",
                        "scale_normal"
                    ],
                    "age": [
                        "scale_normal"
                    ],
                    "smoking_history": [
                        "categorical_to_int",
                        "scale_normal"
                    ],
                    "bmi": [
                        "scale_normal"
                    ],
                    "HbA1c_level": [
                        "scale_normal"
                    ],
                    "blood_glucose_level": [
                        "scale_normal"
                    ]
                },
                "target_preprocessing": [
                    "na_exclude"
                ],
                "ml_task": "binary_classification"
            }
        }
    ],
    "learners": [
        {
            "library_version": "1.6.1",
            "algorithm_name": "Neural Network",
            "algorithm_short_name": "Neural Network",
            "uid": "161244b4-800a-435c-b97c-cc1832330292",
            "params": {
                "model_type": "Neural Network",
                "ml_task": "binary_classification",
                "n_jobs": -1,
                "dense_1_size": 32,
                "dense_2_size": 16,
                "learning_rate": 0.05,
                "seed": 4,
                "explain_level": 2
            },
            "name": "learner_fold_0"
        }
    ],
    "params": {
        "additional": {
            "max_rows_limit": null,
            "max_cols_limit": null
        },
        "preprocessing": {
            "columns_preprocessing": {
                "gender": [
                    "categorical_to_int",
                    "scale_normal"
                ],
                "age": [
                    "scale_normal"
                ],
                "smoking_history": [
                    "categorical_to_int",
                    "scale_normal"
                ],
                "bmi": [
                    "scale_normal"
                ],
                "HbA1c_level": [
                    "scale_normal"
                ],
                "blood_glucose_level": [
                    "scale_normal"
                ]
            },
            "target_preprocessing": [
                "na_exclude"
            ],
            "ml_task": "binary_classification"
        },
        "validation_strategy": {
            "validation_type": "split",
            "train_ratio": 0.75,
            "shuffle": true,
            "stratify": true,
            "X_path": "AutoML_1/X.data",
            "y_path": "AutoML_1/y.data",
            "results_path": "AutoML_1"
        },
        "learner": {
            "model_type": "Neural Network",
            "ml_task": "binary_classification",
            "n_jobs": -1,
            "dense_1_size": 32,
            "dense_2_size": 16,
            "learning_rate": 0.05,
            "seed": 4,
            "explain_level": 2
        },
        "automl_random_state": 1234,
        "ml_task": "binary_classification",
        "explain_level": 2,
        "name": "4_Default_NeuralNetwork",
        "status": "initialized",
        "final_loss": null,
        "train_time": null,
        "data_type": "original",
        "max_time_for_learner": 360.0
    },
    "saved": [
        "4_Default_NeuralNetwork/learner_fold_0.neural_network"
    ],
    "predictions_fname": "4_Default_NeuralNetwork/predictions_validation.csv",
    "metric_name": "logloss",
    "final_loss": "0.08365756015356887",
    "train_time": 28.50552248954773,
    "is_stacked": false,
    "joblib_version": "1.5.0",
    "threshold": 0.27889771152078496
}