feature,mean_importance
gender,0.0010547096155027551
heart_disease,0.001431614122138458
hypertension,0.001752337546979832
smoking_history,0.0026029289297881454
bmi,0.0073395839103745615
age,0.017281933121730264
blood_glucose_level,0.4084035972575693
HbA1c_level,0.8951648843715094
